{"cameraMode":{"drawMode":0,"name":"Shaded","section":"Shading Mode"},"sceneLighting":true,"audioPlay":false,"sceneViewState":{"showFog":true,"showMaterialUpdate":true,"showSkybox":true,"showFlares":true,"showImageEffects":true,"showParticleSystems":true},"in2DMode":false,"pivot":{"x":-5.205721855163574,"y":-10.128140449523926,"z":-6.44708251953125},"rotation":{"x":-0.20222574472427369,"y":0.7556467652320862,"z":-0.5600489974021912,"w":-0.2728513479232788},"size":18.193513870239259,"orthographic":false}